{"flutter":{"platforms":{"android":{"default":{"projectId":"mis3-830b4","appId":"1:202473273706:android:9e73a02e2954c436d1cd13","fileOutput":"android/app/google-services.json"}},"dart":{"lib/firebase_options.dart":{"projectId":"mis3-830b4","configurations":{"android":"1:202473273706:android:9e73a02e2954c436d1cd13","ios":"1:202473273706:ios:eae86e0ba59c367fd1cd13","macos":"1:202473273706:ios:eae86e0ba59c367fd1cd13","web":"1:202473273706:web:3d4bb744532c7a65d1cd13","windows":"1:202473273706:web:55047f9a28378f6ad1cd13"}}}}}}