{
  "project_info": {
    "project_number": "202473273706",
    "project_id": "mis3-830b4",
    "storage_bucket": "mis3-830b4.firebasestorage.app"
  },
  "client": [
    {
      "client_info": {
        "mobilesdk_app_id": "1:202473273706:android:9e73a02e2954c436d1cd13",
        "android_client_info": {
          "package_name": "com.example.app"
        }
      },
      "oauth_client": [],
      "api_key": [
        {
          "current_key": "AIzaSyDtbUaN-zXdr520W8_YhDH1BRMAar003wc"
        }
      ],
      "services": {
        "appinvite_service": {
          "other_platform_oauth_client": []
        }
      }
    },
    {
      "client_info": {
        "mobilesdk_app_id": "1:202473273706:android:3223b9f1960c1035d1cd13",
        "android_client_info": {
          "package_name": "com.example.jokes_app"
        }
      },
      "oauth_client": [],
      "api_key": [
        {
          "current_key": "AIzaSyDtbUaN-zXdr520W8_YhDH1BRMAar003wc"
        }
      ],
      "services": {
        "appinvite_service": {
          "other_platform_oauth_client": []
        }
      }
    }
  ],
  "configuration_version": "1"
}